-- DISCOGRAPHY table
insert into DISCOGRAPHY (ID)
values (1);
insert into DISCOGRAPHY (ID)
values (2);
insert into DISCOGRAPHY (ID)
values (3);
insert into DISCOGRAPHY (ID)
values (4);
insert into DISCOGRAPHY (ID)
values (5);

-- ALBUM table
insert into ALBUM (ID, GENRE, NAME, YEAR, DISCOGRAPHY_ID)
values (1, 'Soul',
        'ut nunc vestibulum ante ipsum primis in faucibus orci luctus et ultrices posuere cubilia curae mauris viverra diam vitae',
        2003, 5);
insert into ALBUM (ID, GENRE, NAME, YEAR, DISCOGRAPHY_ID)
values (2, 'Soul',
        'semper porta volutpat quam pede lobortis ligula sit amet eleifend pede libero quis orci nullam molestie', 2011,
        1);
insert into ALBUM (ID, GENRE, NAME, YEAR, DISCOGRAPHY_ID)
values (3, 'Blues',
        'ut at dolor quis odio consequat varius integer ac leo pellentesque ultrices mattis odio donec vitae nisi nam ultrices libero',
        2003, 2);
insert into ALBUM (ID, GENRE, NAME, YEAR, DISCOGRAPHY_ID)
values (4, 'Traditional',
        'cras pellentesque volutpat dui maecenas tristique est et tempus semper est quam pharetra magna ac consequat metus sapien',
        2008, 1);
insert into ALBUM (ID, GENRE, NAME, YEAR, DISCOGRAPHY_ID)
values (5, 'Pop',
        'tempus vel pede morbi porttitor lorem id ligula suspendisse ornare consequat lectus in est risus auctor sed tristique',
        2003, 2);
insert into ALBUM (ID, GENRE, NAME, YEAR, DISCOGRAPHY_ID)
values (6, 'Jazz', 'leo pellentesque ultrices mattis odio donec vitae nisi nam ultrices libero non', 1997, 4);
insert into ALBUM (ID, GENRE, NAME, YEAR, DISCOGRAPHY_ID)
values (7, 'Jazz',
        'elementum ligula vehicula consequat morbi a ipsum integer a nibh in quis justo maecenas rhoncus aliquam lacus',
        2004, 5);
insert into ALBUM (ID, GENRE, NAME, YEAR, DISCOGRAPHY_ID)
values (8, 'Rock', 'pretium iaculis justo in hac habitasse platea dictumst etiam faucibus', 2001, 5);
insert into ALBUM (ID, GENRE, NAME, YEAR, DISCOGRAPHY_ID)
values (9, 'Soul',
        'duis bibendum felis sed interdum venenatis turpis enim blandit mi in porttitor pede justo eu massa donec',
        1996, 1);
insert into ALBUM (ID, GENRE, NAME, YEAR, DISCOGRAPHY_ID)
values (10, 'Soul', 'ornare consequat lectus in est risus auctor sed tristique in tempus sit amet sem fusce consequat',
        2004, 3);
insert into ALBUM (ID, GENRE, NAME, YEAR, DISCOGRAPHY_ID)
values (11, 'Pop',
        'libero non mattis pulvinar nulla pede ullamcorper augue a suscipit nulla elit ac nulla sed vel enim sit amet',
        2010, 4);
insert into ALBUM (ID, GENRE, NAME, YEAR, DISCOGRAPHY_ID)
values (12, 'Traditional',
        'sagittis nam congue risus semper porta volutpat quam pede lobortis ligula sit amet eleifend pede libero quis',
        1996, 2);
insert into ALBUM (ID, GENRE, NAME, YEAR, DISCOGRAPHY_ID)
values (13, 'Jazz',
        'quis lectus suspendisse potenti in eleifend quam a odio in hac habitasse platea dictumst maecenas ut massa',
        1992, 1);
insert into ALBUM (ID, GENRE, NAME, YEAR, DISCOGRAPHY_ID)
values (14, 'Pop', 'justo morbi ut odio cras mi pede malesuada in imperdiet et commodo vulputate', 1991, 1);
insert into ALBUM (ID, GENRE, NAME, YEAR, DISCOGRAPHY_ID)
values (15, 'Rock', 'ante ipsum primis in faucibus orci luctus et ultrices posuere cubilia curae', 1991, 2);
insert into ALBUM (ID, GENRE, NAME, YEAR, DISCOGRAPHY_ID)
values (16, 'Pop', 'augue luctus tincidunt nulla mollis molestie lorem quisque ut erat curabitur gravida nisi at', 1990,
        5);
insert into ALBUM (ID, GENRE, NAME, YEAR, DISCOGRAPHY_ID)
values (17, 'Pop',
        'pellentesque ultrices mattis odio donec vitae nisi nam ultrices libero non mattis pulvinar nulla pede ullamcorper augue a suscipit',
        2007, 4);
insert into ALBUM (ID, GENRE, NAME, YEAR, DISCOGRAPHY_ID)
values (18, 'Jazz',
        'consectetuer adipiscing elit proin interdum mauris non ligula pellentesque ultrices phasellus id sapien', 1993,
        4);
insert into ALBUM (ID, GENRE, NAME, YEAR, DISCOGRAPHY_ID)
values (19, 'Jazz', 'mi sit amet lobortis sapien sapien non mi integer ac neque duis bibendum morbi non quam', 2008, 1);
insert into ALBUM (ID, GENRE, NAME, YEAR, DISCOGRAPHY_ID)
values (20, 'Rock',
        'id ornare imperdiet sapien urna pretium nisl ut volutpat sapien arcu sed augue aliquam erat volutpat in congue etiam',
        2012, 5);
insert into ALBUM (ID, GENRE, NAME, YEAR, DISCOGRAPHY_ID)
values (21, 'Jazz', 'vitae mattis nibh ligula nec sem duis aliquam convallis nunc proin at', 1989, 4);
insert into ALBUM (ID, GENRE, NAME, YEAR, DISCOGRAPHY_ID)
values (22, 'Rock',
        'sagittis sapien cum sociis natoque penatibus et magnis dis parturient montes nascetur ridiculus mus etiam vel',
        1988, 1);
insert into ALBUM (ID, GENRE, NAME, YEAR, DISCOGRAPHY_ID)
values (23, 'Country',
        'eget rutrum at lorem integer tincidunt ante vel ipsum praesent blandit lacinia erat vestibulum sed magna at nunc commodo placerat',
        1993, 5);
insert into ALBUM (ID, GENRE, NAME, YEAR, DISCOGRAPHY_ID)
values (24, 'Soul', 'nullam orci pede venenatis non sodales sed tincidunt eu felis fusce posuere', 2011, 1);
insert into ALBUM (ID, GENRE, NAME, YEAR, DISCOGRAPHY_ID)
values (25, 'Pop',
        'mattis odio donec vitae nisi nam ultrices libero non mattis pulvinar nulla pede ullamcorper augue a suscipit nulla elit',
        2003, 1);
insert into ALBUM (ID, GENRE, NAME, YEAR, DISCOGRAPHY_ID)
values (26, 'Country', 'blandit ultrices enim lorem ipsum dolor sit amet consectetuer adipiscing elit', 2005, 4);
insert into ALBUM (ID, GENRE, NAME, YEAR, DISCOGRAPHY_ID)
values (27, 'Traditional',
        'tincidunt nulla mollis molestie lorem quisque ut erat curabitur gravida nisi at nibh in hac', 1998, 4);
insert into ALBUM (ID, GENRE, NAME, YEAR, DISCOGRAPHY_ID)
values (28, 'Pop', 'volutpat dui maecenas tristique est et tempus semper est quam pharetra magna ac', 2007, 2);
insert into ALBUM (ID, GENRE, NAME, YEAR, DISCOGRAPHY_ID)
values (29, 'Soul', 'quis orci nullam molestie nibh in lectus pellentesque at nulla suspendisse potenti', 1996, 5);
insert into ALBUM (ID, GENRE, NAME, YEAR, DISCOGRAPHY_ID)
values (30, 'Country',
        'commodo vulputate justo in blandit ultrices enim lorem ipsum dolor sit amet consectetuer adipiscing elit proin interdum',
        2008, 4);

-- SONG table
insert into SONG (ID, ARTIST, DATE, NAME, ALBUM_ID) values (1, 'Kordula Prinnett', '2003-02-15 03:20:15', 'lorem ipsum dolor sit amet consectetuer adipiscing elit proin risus praesent lectus vestibulum quam sapien varius ut blandit non', 4);
insert into SONG (ID, ARTIST, DATE, NAME, ALBUM_ID) values (2, 'Nanci Rittmeyer', '2022-01-02 10:29:45', 'dapibus duis at velit eu est congue elementum in hac habitasse platea dictumst morbi vestibulum velit id pretium', 13);
insert into SONG (ID, ARTIST, DATE, NAME, ALBUM_ID) values (3, 'Donnajean Tiler', '2009-12-17 02:22:52', 'curabitur in libero ut massa volutpat convallis morbi odio odio elementum eu interdum eu tincidunt', 19);
insert into SONG (ID, ARTIST, DATE, NAME, ALBUM_ID) values (4, 'Vinni Lowle', '2005-05-14 23:41:18', 'felis fusce posuere felis sed lacus morbi sem mauris laoreet ut', 8);
insert into SONG (ID, ARTIST, DATE, NAME, ALBUM_ID) values (5, 'Erasmus Witherow', '2014-05-07 10:14:53', 'nisl duis ac nibh fusce lacus purus aliquet at feugiat non', 1);
insert into SONG (ID, ARTIST, DATE, NAME, ALBUM_ID) values (6, 'Keelby Litel', '2001-02-27 01:37:32', 'parturient montes nascetur ridiculus mus vivamus vestibulum sagittis sapien cum sociis natoque penatibus et magnis', 3);
insert into SONG (ID, ARTIST, DATE, NAME, ALBUM_ID) values (7, 'Jeremie Rogeron', '2022-01-17 04:51:58', 'vehicula consequat morbi a ipsum integer a nibh in quis justo maecenas rhoncus', 12);
insert into SONG (ID, ARTIST, DATE, NAME, ALBUM_ID) values (8, 'Karry Hardware', '2008-06-14 00:06:00', 'cum sociis natoque penatibus et magnis dis parturient montes nascetur ridiculus mus etiam vel augue vestibulum rutrum rutrum', 10);
insert into SONG (ID, ARTIST, DATE, NAME, ALBUM_ID) values (9, 'Karlotte Zimmer', '2008-12-24 00:34:05', 'felis sed lacus morbi sem mauris laoreet ut rhoncus aliquet pulvinar sed nisl nunc rhoncus dui', 9);
insert into SONG (ID, ARTIST, DATE, NAME, ALBUM_ID) values (10, 'Hi Beckley', '2003-02-06 05:31:28', 'id pretium iaculis diam erat fermentum justo nec condimentum neque sapien placerat ante nulla justo aliquam quis turpis', 30);
insert into SONG (ID, ARTIST, DATE, NAME, ALBUM_ID) values (11, 'Birdie Schimek', '2017-10-18 15:23:14', 'morbi odio odio elementum eu interdum eu tincidunt in leo maecenas pulvinar lobortis est phasellus sit amet erat nulla', 5);
insert into SONG (ID, ARTIST, DATE, NAME, ALBUM_ID) values (12, 'Mozelle Sherlaw', '2009-09-11 06:13:13', 'turpis nec euismod scelerisque quam turpis adipiscing lorem vitae mattis nibh ligula nec sem duis aliquam convallis', 24);
insert into SONG (ID, ARTIST, DATE, NAME, ALBUM_ID) values (13, 'Benita Orable', '2001-07-25 09:16:34', 'primis in faucibus orci luctus et ultrices posuere cubilia curae duis faucibus accumsan odio curabitur convallis duis consequat dui nec', 20);
insert into SONG (ID, ARTIST, DATE, NAME, ALBUM_ID) values (14, 'Zara De Lisle', '2018-11-24 08:54:43', 'non ligula pellentesque ultrices phasellus id sapien in sapien iaculis congue vivamus', 9);
insert into SONG (ID, ARTIST, DATE, NAME, ALBUM_ID) values (15, 'Osbert Weeke', '2004-02-07 20:10:21', 'pretium iaculis justo in hac habitasse platea dictumst etiam faucibus cursus urna ut tellus nulla', 27);
insert into SONG (ID, ARTIST, DATE, NAME, ALBUM_ID) values (16, 'Web Sheara', '2014-10-31 22:30:39', 'ligula suspendisse ornare consequat lectus in est risus auctor sed tristique in tempus sit', 17);
insert into SONG (ID, ARTIST, DATE, NAME, ALBUM_ID) values (17, 'Hatty Smy', '2006-01-21 11:17:50', 'natoque penatibus et magnis dis parturient montes nascetur ridiculus mus etiam vel augue vestibulum', 3);
insert into SONG (ID, ARTIST, DATE, NAME, ALBUM_ID) values (18, 'Kenneth Jandel', '2003-08-04 04:35:38', 'amet nunc viverra dapibus nulla suscipit ligula in lacus curabitur at ipsum ac tellus semper interdum mauris ullamcorper purus sit', 17);
insert into SONG (ID, ARTIST, DATE, NAME, ALBUM_ID) values (19, 'Marla Bedward', '2011-09-24 15:28:25', 'nunc proin at turpis a pede posuere nonummy integer non velit donec diam neque vestibulum eget vulputate ut', 2);
insert into SONG (ID, ARTIST, DATE, NAME, ALBUM_ID) values (20, 'Wanids Riddiough', '2019-01-23 04:51:18', 'auctor gravida sem praesent id massa id nisl venenatis lacinia aenean sit amet justo morbi ut odio cras mi pede', 20);
insert into SONG (ID, ARTIST, DATE, NAME, ALBUM_ID) values (21, 'Edith Beccero', '2000-11-18 11:29:46', 'lacinia aenean sit amet justo morbi ut odio cras mi pede malesuada', 21);
insert into SONG (ID, ARTIST, DATE, NAME, ALBUM_ID) values (22, 'Margarita Nixon', '2018-09-02 02:20:37', 'quam pharetra magna ac consequat metus sapien ut nunc vestibulum ante ipsum primis in faucibus orci luctus et ultrices', 21);
insert into SONG (ID, ARTIST, DATE, NAME, ALBUM_ID) values (23, 'Almeda Penchen', '2018-06-09 17:52:01', 'ante ipsum primis in faucibus orci luctus et ultrices posuere cubilia', 26);
insert into SONG (ID, ARTIST, DATE, NAME, ALBUM_ID) values (24, 'Davine Emes', '2011-08-25 12:31:43', 'donec semper sapien a libero nam dui proin leo odio porttitor id consequat in consequat ut nulla sed', 19);
insert into SONG (ID, ARTIST, DATE, NAME, ALBUM_ID) values (25, 'Chadd Andor', '2019-09-17 18:48:10', 'nullam molestie nibh in lectus pellentesque at nulla suspendisse potenti cras in', 14);
insert into SONG (ID, ARTIST, DATE, NAME, ALBUM_ID) values (26, 'Cecilla Kenwyn', '2001-11-20 01:16:37', 'quis orci eget orci vehicula condimentum curabitur in libero ut massa volutpat convallis morbi odio', 25);
insert into SONG (ID, ARTIST, DATE, NAME, ALBUM_ID) values (27, 'Franciska Penhalurick', '2009-07-18 02:13:27', 'vestibulum ac est lacinia nisi venenatis tristique fusce congue diam id ornare imperdiet sapien', 7);
insert into SONG (ID, ARTIST, DATE, NAME, ALBUM_ID) values (28, 'Bernardine McKellar', '2021-09-30 05:33:17', 'odio curabitur convallis duis consequat dui nec nisi volutpat eleifend donec ut dolor morbi vel lectus in', 29);
insert into SONG (ID, ARTIST, DATE, NAME, ALBUM_ID) values (29, 'Allie Bootyman', '2016-01-29 08:40:53', 'tempor convallis nulla neque libero convallis eget eleifend luctus ultricies eu', 18);
insert into SONG (ID, ARTIST, DATE, NAME, ALBUM_ID) values (30, 'Karlene Rumford', '2019-11-12 17:37:02', 'ligula suspendisse ornare consequat lectus in est risus auctor sed', 2);
insert into SONG (ID, ARTIST, DATE, NAME, ALBUM_ID) values (31, 'Duane Cleynaert', '2016-12-15 10:02:50', 'in tempor turpis nec euismod scelerisque quam turpis adipiscing lorem', 17);
insert into SONG (ID, ARTIST, DATE, NAME, ALBUM_ID) values (32, 'Malorie Kelly', '2021-11-01 22:51:27', 'id mauris vulputate elementum nullam varius nulla facilisi cras non velit nec nisi vulputate nonummy maecenas', 24);
insert into SONG (ID, ARTIST, DATE, NAME, ALBUM_ID) values (33, 'Tine Goulbourne', '2012-08-07 17:21:00', 'molestie nibh in lectus pellentesque at nulla suspendisse potenti cras in purus', 26);
insert into SONG (ID, ARTIST, DATE, NAME, ALBUM_ID) values (34, 'Penni Boerderman', '2011-01-04 06:30:22', 'in porttitor pede justo eu massa donec dapibus duis at velit', 3);
insert into SONG (ID, ARTIST, DATE, NAME, ALBUM_ID) values (35, 'Lisabeth Franciskiewicz', '2001-05-11 02:01:57', 'tempus vivamus in felis eu sapien cursus vestibulum proin eu mi nulla ac enim in tempor turpis', 25);
insert into SONG (ID, ARTIST, DATE, NAME, ALBUM_ID) values (36, 'Magdalene Doge', '2016-12-08 07:40:21', 'vestibulum sagittis sapien cum sociis natoque penatibus et magnis dis', 24);
insert into SONG (ID, ARTIST, DATE, NAME, ALBUM_ID) values (37, 'Kathlin Messer', '2009-01-15 01:26:14', 'in hac habitasse platea dictumst aliquam augue quam sollicitudin vitae consectetuer eget rutrum at', 11);
insert into SONG (ID, ARTIST, DATE, NAME, ALBUM_ID) values (38, 'Edwin Pelzer', '2017-11-15 03:50:57', 'nec euismod scelerisque quam turpis adipiscing lorem vitae mattis nibh ligula nec', 11);
insert into SONG (ID, ARTIST, DATE, NAME, ALBUM_ID) values (39, 'Mikkel Mackness', '2013-05-27 12:34:31', 'hac habitasse platea dictumst etiam faucibus cursus urna ut tellus nulla', 26);
insert into SONG (ID, ARTIST, DATE, NAME, ALBUM_ID) values (40, 'Glynis De Bruyn', '2011-11-13 05:05:22', 'nulla elit ac nulla sed vel enim sit amet nunc viverra', 18);
insert into SONG (ID, ARTIST, DATE, NAME, ALBUM_ID) values (41, 'Harman Draper', '2005-06-12 04:30:05', 'eget nunc donec quis orci eget orci vehicula condimentum curabitur in libero ut massa volutpat convallis morbi odio odio', 29);
insert into SONG (ID, ARTIST, DATE, NAME, ALBUM_ID) values (42, 'Melina Whitaker', '2012-10-14 05:34:48', 'interdum mauris non ligula pellentesque ultrices phasellus id sapien in sapien', 15);
insert into SONG (ID, ARTIST, DATE, NAME, ALBUM_ID) values (43, 'Dianemarie Stable', '2018-06-27 03:27:52', 'aliquam quis turpis eget elit sodales scelerisque mauris sit amet eros suspendisse accumsan tortor quis turpis sed', 17);
insert into SONG (ID, ARTIST, DATE, NAME, ALBUM_ID) values (44, 'Lark Cocks', '2017-05-16 03:23:35', 'vivamus vestibulum sagittis sapien cum sociis natoque penatibus et magnis dis parturient montes nascetur ridiculus mus etiam vel augue vestibulum', 16);
insert into SONG (ID, ARTIST, DATE, NAME, ALBUM_ID) values (45, 'Mickie Winstone', '2000-11-18 08:41:07', 'convallis eget eleifend luctus ultricies eu nibh quisque id justo', 11);
insert into SONG (ID, ARTIST, DATE, NAME, ALBUM_ID) values (46, 'Kerrin Theseira', '2019-12-09 21:15:52', 'platea dictumst morbi vestibulum velit id pretium iaculis diam erat fermentum justo nec condimentum neque sapien placerat ante nulla', 9);
insert into SONG (ID, ARTIST, DATE, NAME, ALBUM_ID) values (47, 'Randa Weine', '2009-11-30 11:04:07', 'nulla sed vel enim sit amet nunc viverra dapibus nulla suscipit ligula in lacus curabitur', 22);
insert into SONG (ID, ARTIST, DATE, NAME, ALBUM_ID) values (48, 'Mireille Fuzzard', '2000-12-19 10:04:22', 'diam vitae quam suspendisse potenti nullam porttitor lacus at turpis donec', 12);
insert into SONG (ID, ARTIST, DATE, NAME, ALBUM_ID) values (49, 'Maddalena Flasby', '2001-10-18 13:18:36', 'varius integer ac leo pellentesque ultrices mattis odio donec vitae nisi nam ultrices libero non mattis pulvinar nulla pede ullamcorper', 8);
insert into SONG (ID, ARTIST, DATE, NAME, ALBUM_ID) values (50, 'Sarita Vegas', '2017-05-29 18:19:48', 'iaculis congue vivamus metus arcu adipiscing molestie hendrerit at vulputate vitae', 24);
insert into SONG (ID, ARTIST, DATE, NAME, ALBUM_ID) values (51, 'Maurizio Thain', '2021-05-11 09:18:45', 'eleifend pede libero quis orci nullam molestie nibh in lectus pellentesque', 27);
insert into SONG (ID, ARTIST, DATE, NAME, ALBUM_ID) values (52, 'Benji Synnot', '2015-10-01 20:58:24', 'vestibulum ante ipsum primis in faucibus orci luctus et ultrices posuere cubilia curae donec pharetra magna vestibulum aliquet ultrices erat', 10);
insert into SONG (ID, ARTIST, DATE, NAME, ALBUM_ID) values (53, 'Peggy Shallcross', '2000-10-11 20:39:26', 'id sapien in sapien iaculis congue vivamus metus arcu adipiscing molestie hendrerit at vulputate', 5);
insert into SONG (ID, ARTIST, DATE, NAME, ALBUM_ID) values (54, 'Brand O''Hagirtie', '2008-04-11 06:16:40', 'nec nisi volutpat eleifend donec ut dolor morbi vel lectus in quam fringilla rhoncus mauris', 30);
insert into SONG (ID, ARTIST, DATE, NAME, ALBUM_ID) values (55, 'Kaitlin Betton', '2000-12-07 18:06:01', 'vitae quam suspendisse potenti nullam porttitor lacus at turpis donec posuere metus vitae', 13);
insert into SONG (ID, ARTIST, DATE, NAME, ALBUM_ID) values (56, 'Laura Hanham', '2001-10-02 08:36:36', 'viverra eget congue eget semper rutrum nulla nunc purus phasellus in felis donec semper sapien a libero nam', 30);
insert into SONG (ID, ARTIST, DATE, NAME, ALBUM_ID) values (57, 'Barris Whipple', '2009-05-06 15:43:47', 'praesent blandit nam nulla integer pede justo lacinia eget tincidunt eget', 29);
insert into SONG (ID, ARTIST, DATE, NAME, ALBUM_ID) values (58, 'Karilynn Dienes', '2007-10-28 22:32:17', 'rutrum neque aenean auctor gravida sem praesent id massa id nisl venenatis', 14);
insert into SONG (ID, ARTIST, DATE, NAME, ALBUM_ID) values (59, 'Catharina Colebourne', '2014-09-26 15:07:46', 'congue etiam justo etiam pretium iaculis justo in hac habitasse platea dictumst etiam faucibus cursus urna', 15);
insert into SONG (ID, ARTIST, DATE, NAME, ALBUM_ID) values (60, 'Hermine Aubry', '2020-05-14 04:38:02', 'ultrices posuere cubilia curae duis faucibus accumsan odio curabitur convallis duis consequat dui nec nisi volutpat eleifend', 22);
insert into SONG (ID, ARTIST, DATE, NAME, ALBUM_ID) values (61, 'Vito Cordall', '2006-12-30 11:04:20', 'elementum ligula vehicula consequat morbi a ipsum integer a nibh in', 15);
insert into SONG (ID, ARTIST, DATE, NAME, ALBUM_ID) values (62, 'Davina Saywood', '2018-09-04 11:23:21', 'nulla pede ullamcorper augue a suscipit nulla elit ac nulla sed vel enim sit amet nunc viverra dapibus nulla', 18);
insert into SONG (ID, ARTIST, DATE, NAME, ALBUM_ID) values (63, 'Stormi Truckett', '2001-05-08 23:19:58', 'eget massa tempor convallis nulla neque libero convallis eget eleifend luctus ultricies eu nibh quisque id justo', 29);
insert into SONG (ID, ARTIST, DATE, NAME, ALBUM_ID) values (64, 'Rodger Ridett', '2017-03-25 18:50:49', 'mi pede malesuada in imperdiet et commodo vulputate justo in', 14);
insert into SONG (ID, ARTIST, DATE, NAME, ALBUM_ID) values (65, 'Shannan Hayford', '2012-12-22 14:46:06', 'nulla eget eros elementum pellentesque quisque porta volutpat erat quisque erat', 26);
insert into SONG (ID, ARTIST, DATE, NAME, ALBUM_ID) values (66, 'Krissy Roark', '2017-07-31 07:48:22', 'ultrices enim lorem ipsum dolor sit amet consectetuer adipiscing elit proin interdum mauris non ligula', 24);
insert into SONG (ID, ARTIST, DATE, NAME, ALBUM_ID) values (67, 'Daisie Seeks', '2004-10-21 10:37:30', 'condimentum id luctus nec molestie sed justo pellentesque viverra pede ac diam cras pellentesque volutpat dui maecenas tristique est', 14);
insert into SONG (ID, ARTIST, DATE, NAME, ALBUM_ID) values (68, 'Gratiana Sandbach', '2008-08-17 20:21:02', 'vulputate justo in blandit ultrices enim lorem ipsum dolor sit amet consectetuer adipiscing elit proin interdum mauris non ligula pellentesque', 15);
insert into SONG (ID, ARTIST, DATE, NAME, ALBUM_ID) values (69, 'Allen Wickmann', '2006-10-20 22:46:55', 'adipiscing elit proin interdum mauris non ligula pellentesque ultrices phasellus id sapien', 15);
insert into SONG (ID, ARTIST, DATE, NAME, ALBUM_ID) values (70, 'Danny Stiegers', '2004-03-30 14:30:48', 'at nibh in hac habitasse platea dictumst aliquam augue quam sollicitudin vitae consectetuer eget rutrum at lorem integer', 5);
insert into SONG (ID, ARTIST, DATE, NAME, ALBUM_ID) values (71, 'Philippe Capelin', '2018-11-10 13:16:34', 'vel ipsum praesent blandit lacinia erat vestibulum sed magna at nunc commodo placerat praesent blandit nam nulla integer pede justo', 28);
insert into SONG (ID, ARTIST, DATE, NAME, ALBUM_ID) values (72, 'Joey Fairbrace', '2014-07-25 18:30:34', 'magnis dis parturient montes nascetur ridiculus mus vivamus vestibulum sagittis', 12);
insert into SONG (ID, ARTIST, DATE, NAME, ALBUM_ID) values (73, 'Frances Dudley', '2012-10-09 15:48:49', 'a odio in hac habitasse platea dictumst maecenas ut massa quis augue luctus tincidunt', 13);
insert into SONG (ID, ARTIST, DATE, NAME, ALBUM_ID) values (74, 'Kalle Wolland', '2010-09-08 14:43:08', 'posuere cubilia curae mauris viverra diam vitae quam suspendisse potenti nullam porttitor lacus at turpis donec', 27);
insert into SONG (ID, ARTIST, DATE, NAME, ALBUM_ID) values (75, 'Erica Chaplyn', '2022-02-15 11:50:05', 'sapien sapien non mi integer ac neque duis bibendum morbi non quam nec dui luctus rutrum nulla tellus', 18);
insert into SONG (ID, ARTIST, DATE, NAME, ALBUM_ID) values (76, 'Vernen Normabell', '2018-05-13 21:58:50', 'nulla dapibus dolor vel est donec odio justo sollicitudin ut suscipit a', 6);
insert into SONG (ID, ARTIST, DATE, NAME, ALBUM_ID) values (77, 'Estele Kamen', '2010-05-08 02:27:19', 'amet erat nulla tempus vivamus in felis eu sapien cursus vestibulum proin eu mi nulla ac enim in', 16);
insert into SONG (ID, ARTIST, DATE, NAME, ALBUM_ID) values (78, 'Jamie Pollastrino', '2014-12-22 12:24:37', 'turpis eget elit sodales scelerisque mauris sit amet eros suspendisse accumsan tortor quis turpis sed', 12);
insert into SONG (ID, ARTIST, DATE, NAME, ALBUM_ID) values (79, 'Andrey Giraths', '2006-05-27 15:50:22', 'eleifend luctus ultricies eu nibh quisque id justo sit amet sapien', 12);
insert into SONG (ID, ARTIST, DATE, NAME, ALBUM_ID) values (80, 'Hildy Norvill', '2005-06-16 23:40:17', 'aenean auctor gravida sem praesent id massa id nisl venenatis lacinia aenean sit amet justo morbi ut odio', 10);
insert into SONG (ID, ARTIST, DATE, NAME, ALBUM_ID) values (81, 'Charles Galero', '2015-11-16 22:24:07', 'consectetuer adipiscing elit proin risus praesent lectus vestibulum quam sapien varius', 4);
insert into SONG (ID, ARTIST, DATE, NAME, ALBUM_ID) values (82, 'Mose Agnolo', '2006-07-28 11:43:46', 'turpis integer aliquet massa id lobortis convallis tortor risus dapibus augue vel accumsan tellus nisi', 17);
insert into SONG (ID, ARTIST, DATE, NAME, ALBUM_ID) values (83, 'Sonnie Naton', '2016-04-05 10:29:51', 'est et tempus semper est quam pharetra magna ac consequat metus sapien', 7);
insert into SONG (ID, ARTIST, DATE, NAME, ALBUM_ID) values (84, 'Mathian Korneev', '2017-02-14 20:07:52', 'ut nunc vestibulum ante ipsum primis in faucibus orci luctus et ultrices posuere cubilia curae', 6);
insert into SONG (ID, ARTIST, DATE, NAME, ALBUM_ID) values (85, 'Chiquia Ahmed', '2014-10-23 15:08:07', 'commodo vulputate justo in blandit ultrices enim lorem ipsum dolor sit amet consectetuer adipiscing elit proin interdum mauris non ligula', 7);
insert into SONG (ID, ARTIST, DATE, NAME, ALBUM_ID) values (86, 'Caitrin Pebworth', '2018-02-11 13:16:26', 'orci mauris lacinia sapien quis libero nullam sit amet turpis elementum', 1);
insert into SONG (ID, ARTIST, DATE, NAME, ALBUM_ID) values (87, 'Teddy Heggs', '2013-02-24 04:24:54', 'pede venenatis non sodales sed tincidunt eu felis fusce posuere felis sed lacus morbi sem', 27);
insert into SONG (ID, ARTIST, DATE, NAME, ALBUM_ID) values (88, 'Kelley Valente', '2001-04-03 12:00:24', 'hac habitasse platea dictumst maecenas ut massa quis augue luctus tincidunt nulla mollis molestie lorem quisque ut', 3);
insert into SONG (ID, ARTIST, DATE, NAME, ALBUM_ID) values (89, 'Vanya Sallis', '2003-12-06 12:14:34', 'duis bibendum felis sed interdum venenatis turpis enim blandit mi in porttitor pede justo eu massa donec dapibus duis at', 23);
insert into SONG (ID, ARTIST, DATE, NAME, ALBUM_ID) values (90, 'Woodie Phillcock', '2005-10-10 16:58:26', 'sit amet lobortis sapien sapien non mi integer ac neque', 25);
insert into SONG (ID, ARTIST, DATE, NAME, ALBUM_ID) values (91, 'Lauryn Argyle', '2006-11-17 23:07:50', 'sapien urna pretium nisl ut volutpat sapien arcu sed augue aliquam erat volutpat in congue etiam justo etiam pretium iaculis', 13);
insert into SONG (ID, ARTIST, DATE, NAME, ALBUM_ID) values (92, 'Bree Rowen', '2016-09-10 14:22:37', 'odio porttitor id consequat in consequat ut nulla sed accumsan felis ut at dolor', 15);
insert into SONG (ID, ARTIST, DATE, NAME, ALBUM_ID) values (93, 'Rozalin Isted', '2020-10-19 11:51:26', 'sagittis nam congue risus semper porta volutpat quam pede lobortis ligula', 28);
insert into SONG (ID, ARTIST, DATE, NAME, ALBUM_ID) values (94, 'Jasun Agnew', '2011-07-11 00:53:51', 'orci eget orci vehicula condimentum curabitur in libero ut massa volutpat convallis morbi odio odio elementum eu interdum', 13);
insert into SONG (ID, ARTIST, DATE, NAME, ALBUM_ID) values (95, 'Collie Maddrah', '2004-05-20 21:42:24', 'eleifend donec ut dolor morbi vel lectus in quam fringilla rhoncus mauris', 30);
insert into SONG (ID, ARTIST, DATE, NAME, ALBUM_ID) values (96, 'Rosemaria Minchenton', '2008-07-06 18:51:13', 'eleifend quam a odio in hac habitasse platea dictumst maecenas ut massa quis augue luctus tincidunt nulla mollis', 26);
insert into SONG (ID, ARTIST, DATE, NAME, ALBUM_ID) values (97, 'Harrie Lay', '2012-10-06 07:04:10', 'dis parturient montes nascetur ridiculus mus etiam vel augue vestibulum rutrum rutrum neque aenean auctor gravida sem praesent id', 30);
insert into SONG (ID, ARTIST, DATE, NAME, ALBUM_ID) values (98, 'Lindy Budgeon', '2015-05-02 00:10:29', 'nulla sed vel enim sit amet nunc viverra dapibus nulla suscipit ligula in lacus curabitur at ipsum ac', 28);
insert into SONG (ID, ARTIST, DATE, NAME, ALBUM_ID) values (99, 'Polly O''Feeney', '2020-07-05 19:11:48', 'tempus semper est quam pharetra magna ac consequat metus sapien ut nunc vestibulum ante ipsum', 27);
insert into SONG (ID, ARTIST, DATE, NAME, ALBUM_ID) values (100, 'Jarrett Radborn', '2010-06-08 21:38:30', 'suspendisse ornare consequat lectus in est risus auctor sed tristique in tempus sit amet sem fusce consequat nulla', 3);


-- ORCHESTRA table
insert into ORCHESTRA (ID, FOUNDED_DATE, NAME, WEB_PAGE, DISCOGRAPHY_ID)
values (1, '2011-07-23 21:09:13', 'Russel Inc', 'http://techcrunch.com', 1);
insert into ORCHESTRA (ID, FOUNDED_DATE, NAME, WEB_PAGE, DISCOGRAPHY_ID)
values (2, '1999-05-28 23:03:10', 'Mosciski, Smitham and Beier', 'https://zimbio.com', 2);
insert into ORCHESTRA (ID, FOUNDED_DATE, NAME, WEB_PAGE, DISCOGRAPHY_ID)
values (3, '2015-01-28 13:00:25', 'Wuckert-Swift', 'https://wikispaces.com', 3);
insert into ORCHESTRA (ID, FOUNDED_DATE, NAME, WEB_PAGE, DISCOGRAPHY_ID)
values (4, '2011-07-17 03:04:37', 'Boyle and Sons', 'http://umich.edu', 4);
insert into ORCHESTRA (ID, FOUNDED_DATE, NAME, WEB_PAGE, DISCOGRAPHY_ID)
values (5, '2002-02-07 05:41:37', 'Rutherford-Jacobs', 'http://bbb.org', 5);

-- INSTRUMENT table
insert into INSTRUMENT (ID, NAME)
values (1, 'Bisernica');
insert into INSTRUMENT (ID, NAME)
values (2, 'Brač');
insert into INSTRUMENT (ID, NAME)
values (3, 'Basprim');
insert into INSTRUMENT (ID, NAME)
values (4, 'Čelo');
insert into INSTRUMENT (ID, NAME)
values (5, 'Čelo berde');
insert into INSTRUMENT (ID, NAME)
values (6, 'Bugarija');
insert into INSTRUMENT (ID, NAME)
values (7, 'Berde');

-- EDUCATION table
insert into EDUCATION (ID, LEVEL, NAME)
values (1, 'Associate of Arts', 'The Juilliard School');
insert into EDUCATION (ID, LEVEL, NAME)
values (2, 'Bachelor of Music', 'Royal Academy of Music');
insert into EDUCATION (ID, LEVEL, NAME)
values (3, 'Master of Music', 'Royal College of Music');

-- LEADERS
insert into USER (ID, ADDRESS, EMAIL, NAME, PASSWORD, STATUS, EDUCATION_ID, INSTRUMENT_ID, ORCHESTRA_ID)
values (41, '4164 Derek Pass', 'rlinnard0@purevolume.com', 'mbransden0', 'MmSg61', 'USER', 3, 3, 1);
insert into USER (ID, ADDRESS, EMAIL, NAME, PASSWORD, STATUS, EDUCATION_ID, INSTRUMENT_ID, ORCHESTRA_ID)
values (42, '262 Mayfield Pass', 'bdominy1@instagram.com', 'rclitsome1', 'BAdL7wIgcy', 'USER', 3, 4, 2);
insert into USER (ID, ADDRESS, EMAIL, NAME, PASSWORD, STATUS, EDUCATION_ID, INSTRUMENT_ID, ORCHESTRA_ID)
values (43, '187 Atwood Crossing', 'nsitlinton2@intel.com', 'sbesset2', 'gBkBG1FPANhx', 'USER', 1, 1, 3);
insert into USER (ID, ADDRESS, EMAIL, NAME, PASSWORD, STATUS, EDUCATION_ID, INSTRUMENT_ID, ORCHESTRA_ID)
values (44, '271 Kedzie Hill', 'ecastelli3@soup.io', 'dgreenroyd3', 'p1UdBH5m', 'USER', 2, 2, 4);
insert into USER (ID, ADDRESS, EMAIL, NAME, PASSWORD, STATUS, EDUCATION_ID, INSTRUMENT_ID, ORCHESTRA_ID)
values (45, '4297 Dennis Lane', 'cjordison4@google.com.br', 'bchettle4', '3FzMEb9w', 'USER', 2, 3, 5);
update ORCHESTRA
set LEADER_ID = 41
where ID = 1;
update ORCHESTRA
set LEADER_ID = 42
where ID = 2;
update ORCHESTRA
set LEADER_ID = 43
where ID = 3;
update ORCHESTRA
set LEADER_ID = 44
where ID = 4;
update ORCHESTRA
set LEADER_ID = 45
where ID = 5;

-- USER table
insert into USER (ID, ADDRESS, EMAIL, NAME, PASSWORD, STATUS, EDUCATION_ID, INSTRUMENT_ID, ORCHESTRA_ID)
values (1, '10970 3rd Road', 'user@gmail.com', 'user12345', '12345', 'USER', 3, 2, 5);
insert into USER (ID, ADDRESS, EMAIL, NAME, PASSWORD, STATUS, EDUCATION_ID, INSTRUMENT_ID, ORCHESTRA_ID)
values (2, '651 Porter Avenue', 'vgethings1@ted.com', 'randomUser1', '54321', 'USER', 1, 6, null);
insert into USER (ID, ADDRESS, EMAIL, NAME, PASSWORD, STATUS, EDUCATION_ID, INSTRUMENT_ID, ORCHESTRA_ID)
values (3, '6319 Milwaukee Point', 'pklampt2@fema.gov', 'randomUser2', 'abcdef', 'USER', 1, 6, 4);
insert into USER (ID, ADDRESS, EMAIL, NAME, PASSWORD, STATUS, EDUCATION_ID, INSTRUMENT_ID, ORCHESTRA_ID)
values (4, '936 Warbler Crossing', 'vfenech3@microsoft.com', 'rmargram3', 'DK57FAkiq7', 'USER', 3, 7, 4);
insert into USER (ID, ADDRESS, EMAIL, NAME, PASSWORD, STATUS, EDUCATION_ID, INSTRUMENT_ID, ORCHESTRA_ID)
values (5, '104 4th Avenue', 'scossington4@engadget.com', 'dcattermull4', 'dnS1Jw', 'USER', 2, 2, 1);
insert into USER (ID, ADDRESS, EMAIL, NAME, PASSWORD, STATUS, EDUCATION_ID, INSTRUMENT_ID, ORCHESTRA_ID)
values (6, '5 Manley Avenue', 'cfrankes5@furl.net', 'lclemanceau5', 'uAxGs2n', 'USER', 3, 6, 5);
insert into USER (ID, ADDRESS, EMAIL, NAME, PASSWORD, STATUS, EDUCATION_ID, INSTRUMENT_ID, ORCHESTRA_ID)
values (7, '06 Bunting Avenue', 'mdashkovich6@weibo.com', 'mrouff6', 'ZvhTsCeB', 'USER', 3, 4, 2);
insert into USER (ID, ADDRESS, EMAIL, NAME, PASSWORD, STATUS, EDUCATION_ID, INSTRUMENT_ID, ORCHESTRA_ID)
values (8, '639 Debra Drive', 'mamesbury7@ucla.edu', 'xdyball7', 'ZiN3mJyQvj', 'USER', 2, 4, 2);
insert into USER (ID, ADDRESS, EMAIL, NAME, PASSWORD, STATUS, EDUCATION_ID, INSTRUMENT_ID, ORCHESTRA_ID)
values (9, '17 Pierstorff Road', 'gdowyer8@netscape.com', 'bvallerine8', 'l8abLoqVvml', 'USER', 3, 3, 1);
insert into USER (ID, ADDRESS, EMAIL, NAME, PASSWORD, STATUS, EDUCATION_ID, INSTRUMENT_ID, ORCHESTRA_ID)
values (10, '6212 Vermont Lane', 'fgandey9@booking.com', 'lwiddecombe9', 'KGPJb0lNVvr', 'USER', 1, 4, 2);
insert into USER (ID, ADDRESS, EMAIL, NAME, PASSWORD, STATUS, EDUCATION_ID, INSTRUMENT_ID, ORCHESTRA_ID)
values (11, '160 Montana Avenue', 'gwipera@wordpress.org', 'mashburnea', 'IoF8RTVPL', 'USER', 3, 7, 5);
insert into USER (ID, ADDRESS, EMAIL, NAME, PASSWORD, STATUS, EDUCATION_ID, INSTRUMENT_ID, ORCHESTRA_ID)
values (12, '41 Monica Junction', 'glonglandb@mozilla.org', 'msiggersb', 'N09d1Uzp', 'USER', 3, 2, 5);
insert into USER (ID, ADDRESS, EMAIL, NAME, PASSWORD, STATUS, EDUCATION_ID, INSTRUMENT_ID, ORCHESTRA_ID)
values (13, '72388 Loftsgordon Avenue', 'jcrosscombec@pen.io', 'lpyottc', '1MENeHAwXKZ', 'USER', 1, 6, 3);
insert into USER (ID, ADDRESS, EMAIL, NAME, PASSWORD, STATUS, EDUCATION_ID, INSTRUMENT_ID, ORCHESTRA_ID)
values (14, '2 Burning Wood Court', 'lrenvoysd@businessweek.com', 'fcowderoyd', 'cJw6S3', 'USER', 1, 5, 5);
insert into USER (ID, ADDRESS, EMAIL, NAME, PASSWORD, STATUS, EDUCATION_ID, INSTRUMENT_ID, ORCHESTRA_ID)
values (15, '0928 Huxley Park', 'gdufouree@ox.ac.uk', 'fbernardinellie', 'XVitBVoj', 'USER', 1, 7, 1);
insert into USER (ID, ADDRESS, EMAIL, NAME, PASSWORD, STATUS, EDUCATION_ID, INSTRUMENT_ID, ORCHESTRA_ID)
values (16, '3114 Arkansas Hill', 'spasekf@sfgate.com', 'apieperf', 'zYW1kOVZ', 'USER', 3, 6, 4);
insert into USER (ID, ADDRESS, EMAIL, NAME, PASSWORD, STATUS, EDUCATION_ID, INSTRUMENT_ID, ORCHESTRA_ID)
values (17, '61646 Old Shore Parkway', 'npasqualeg@twitter.com', 'kbarrettg', 'ICu40bETUGoB', 'USER', 1, 1, 4);
insert into USER (ID, ADDRESS, EMAIL, NAME, PASSWORD, STATUS, EDUCATION_ID, INSTRUMENT_ID, ORCHESTRA_ID)
values (18, '500 Dapin Lane', 'atysonh@bravesites.com', 'kmoylerh', 'HFrEAw1Xy6', 'USER', 3, 3, 2);
insert into USER (ID, ADDRESS, EMAIL, NAME, PASSWORD, STATUS, EDUCATION_ID, INSTRUMENT_ID, ORCHESTRA_ID)
values (19, '58 Erie Place', 'cwindressi@ftc.gov', 'hmcghiei', 'O9TkuYVoqdE', 'USER', 3, 4, 5);
insert into USER (ID, ADDRESS, EMAIL, NAME, PASSWORD, STATUS, EDUCATION_ID, INSTRUMENT_ID, ORCHESTRA_ID)
values (20, '40 Longview Circle', 'myeamanj@dedecms.com', 'gbassoj', 'COUGVuGcg', 'USER', 2, 1, 2);
insert into USER (ID, ADDRESS, EMAIL, NAME, PASSWORD, STATUS, EDUCATION_ID, INSTRUMENT_ID, ORCHESTRA_ID)
values (21, '84 Sundown Pass', 'lcapplemank@lycos.com', 'shawtreyk', '5oiKxFIXj', 'USER', 3, 7, 3);
insert into USER (ID, ADDRESS, EMAIL, NAME, PASSWORD, STATUS, EDUCATION_ID, INSTRUMENT_ID, ORCHESTRA_ID)
values (22, '531 Mallory Park', 'iloughanl@altervista.org', 'epenkethl', 'fBCUnBI', 'USER', 3, 6, 3);
insert into USER (ID, ADDRESS, EMAIL, NAME, PASSWORD, STATUS, EDUCATION_ID, INSTRUMENT_ID, ORCHESTRA_ID)
values (23, '62326 Hollow Ridge Terrace', 'lmccambridgem@utexas.edu', 'ncosgrym', '2adimB8bXyU', 'USER', 3, 4, 5);
insert into USER (ID, ADDRESS, EMAIL, NAME, PASSWORD, STATUS, EDUCATION_ID, INSTRUMENT_ID, ORCHESTRA_ID)
values (24, '784 Bunting Plaza', 'ehenfren@bizjournals.com', 'pdukesn', 'MiM3xvvUw', 'USER', 3, 2, 3);
insert into USER (ID, ADDRESS, EMAIL, NAME, PASSWORD, STATUS, EDUCATION_ID, INSTRUMENT_ID, ORCHESTRA_ID)
values (25, '574 Erie Terrace', 'jmandero@acquirethisname.com', 'agherardescio', 'YQcsT5QfBEA', 'USER', 2, 5, 3);
insert into USER (ID, ADDRESS, EMAIL, NAME, PASSWORD, STATUS, EDUCATION_ID, INSTRUMENT_ID, ORCHESTRA_ID)
values (26, '6 Holy Cross Avenue', 'gironsidep@people.com.cn', 'jprimarolop', 'Tdj2neXBp', 'USER', 1, 1, 3);
insert into USER (ID, ADDRESS, EMAIL, NAME, PASSWORD, STATUS, EDUCATION_ID, INSTRUMENT_ID, ORCHESTRA_ID)
values (27, '68294 Elmside Parkway', 'mmabbettq@wisc.edu', 'gdohmsq', 'lXxZo73', 'USER', 2, 7, 4);
insert into USER (ID, ADDRESS, EMAIL, NAME, PASSWORD, STATUS, EDUCATION_ID, INSTRUMENT_ID, ORCHESTRA_ID)
values (28, '5450 Huxley Circle', 'brodgierr@wiley.com', 'rrycer', 'jVKotDmg', 'USER', 3, 7, 4);
insert into USER (ID, ADDRESS, EMAIL, NAME, PASSWORD, STATUS, EDUCATION_ID, INSTRUMENT_ID, ORCHESTRA_ID)
values (29, '9310 Mesta Street', 'mdugoods@prweb.com', 'jarckolls', 'vcoY7rNGgF', 'USER', 3, 7, 3);
insert into USER (ID, ADDRESS, EMAIL, NAME, PASSWORD, STATUS, EDUCATION_ID, INSTRUMENT_ID, ORCHESTRA_ID)
values (30, '89417 Raven Street', 'oeskriettt@reddit.com', 'bstennerst', 'PQJrZH8', 'USER', 3, 2, 2);
insert into USER (ID, ADDRESS, EMAIL, NAME, PASSWORD, STATUS, EDUCATION_ID, INSTRUMENT_ID, ORCHESTRA_ID)
values (31, '3528 Carpenter Terrace', 'ibugsu@sakura.ne.jp', 'ptrewettu', 'v0YyLKVKIjz3', 'USER', 3, 2, 2);
insert into USER (ID, ADDRESS, EMAIL, NAME, PASSWORD, STATUS, EDUCATION_ID, INSTRUMENT_ID, ORCHESTRA_ID)
values (32, '5 Sugar Pass', 'carnoultv@pbs.org', 'lharrowingv', 'hGWaoG2kgD', 'USER', 2, 5, 1);
insert into USER (ID, ADDRESS, EMAIL, NAME, PASSWORD, STATUS, EDUCATION_ID, INSTRUMENT_ID, ORCHESTRA_ID)
values (33, '28572 4th Pass', 'lwoollandw@europa.eu', 'baasafw', '7RWzt3B', 'USER', 3, 3, 2);
insert into USER (ID, ADDRESS, EMAIL, NAME, PASSWORD, STATUS, EDUCATION_ID, INSTRUMENT_ID, ORCHESTRA_ID)
values (34, '39454 Cascade Place', 'tinsallx@dyndns.org', 'msoutheranx', 'Qj8cmhPgvxJ', 'USER', 2, 1, 4);
insert into USER (ID, ADDRESS, EMAIL, NAME, PASSWORD, STATUS, EDUCATION_ID, INSTRUMENT_ID, ORCHESTRA_ID)
values (35, '52 Warbler Street', 'kcowlesy@craigslist.org', 'pguiley', '0xoYuyTl', 'USER', 3, 3, 4);
insert into USER (ID, ADDRESS, EMAIL, NAME, PASSWORD, STATUS, EDUCATION_ID, INSTRUMENT_ID, ORCHESTRA_ID)
values (36, '90412 Orin Pass', 'rtreenz@auda.org.au', 'lwalesbyz', 'da5dolix', 'USER', 3, 3, 2);
insert into USER (ID, ADDRESS, EMAIL, NAME, PASSWORD, STATUS, EDUCATION_ID, INSTRUMENT_ID, ORCHESTRA_ID)
values (37, '22314 Ohio Hill', 'dallsepp10@mail.ru', 'gfontenot10', 'jClorwqz4', 'USER', 2, 3, 3);
insert into USER (ID, ADDRESS, EMAIL, NAME, PASSWORD, STATUS, EDUCATION_ID, INSTRUMENT_ID, ORCHESTRA_ID)
values (38, '76 Trailsway Court', 'isyson11@mapquest.com', 'lstucke11', 'LYVNhl', 'USER', 3, 7, 2);
insert into USER (ID, ADDRESS, EMAIL, NAME, PASSWORD, STATUS, EDUCATION_ID, INSTRUMENT_ID, ORCHESTRA_ID)
values (39, '3 Eastlawn Junction', 'hdeclairmont12@icio.us', 'dreavey12', 'BStof5xNlIb2', 'USER', 3, 6, 5);
insert into USER (ID, ADDRESS, EMAIL, NAME, PASSWORD, STATUS, EDUCATION_ID, INSTRUMENT_ID, ORCHESTRA_ID)
values (40, '03057 School Avenue', 'emaben13@youtu.be', 'pleaburn13', 'UPw0TxoF7', 'USER', 2, 7, 3);

-- EVENT table
insert into EVENT (ID, DATE, DESCRIPTION, NAME, TYPE, ORCHESTRA_ID) values (1, '2027-02-07 10:36:33', 'In blandit ultrices enim.', 'sapien ut nunc', 'Concert', 1);
insert into EVENT (ID, DATE, DESCRIPTION, NAME, TYPE, ORCHESTRA_ID) values (2, '2028-12-26 07:23:45', 'Suspendisse potenti.', 'id', 'Concert', 3);
insert into EVENT (ID, DATE, DESCRIPTION, NAME, TYPE, ORCHESTRA_ID) values (3, '2025-12-15 20:24:31', 'Morbi non quam nec dui luctus rutrum. Nulla tellus.', 'blandit non interdum in', 'Rehearsal', 5);
insert into EVENT (ID, DATE, DESCRIPTION, NAME, TYPE, ORCHESTRA_ID) values (4, '2025-01-21 09:17:18', 'Fusce lacus purus, aliquet at, feugiat non, pretium quis, lectus. Suspendisse potenti.', 'adipiscing elit proin', 'Meeting', 5);
insert into EVENT (ID, DATE, DESCRIPTION, NAME, TYPE, ORCHESTRA_ID) values (5, '2022-01-02 08:05:50', 'Sed ante. Vivamus tortor.', 'sapien', 'Team Building', 5);
insert into EVENT (ID, DATE, DESCRIPTION, NAME, TYPE, ORCHESTRA_ID) values (6, '2022-03-12 19:30:00', 'Nam ultrices, libero non mattis pulvinar, nulla pede ullamcorper augue, a suscipit nulla elit ac nulla. Sed vel enim sit amet nunc viverra dapibus.', 'mi', 'Rehearsal', 3);
insert into EVENT (ID, DATE, DESCRIPTION, NAME, TYPE, ORCHESTRA_ID) values (7, '2025-12-14 16:26:45', 'Integer tincidunt ante vel ipsum.', 'enim blandit mi', 'Meeting', 4);
insert into EVENT (ID, DATE, DESCRIPTION, NAME, TYPE, ORCHESTRA_ID) values (8, '2021-06-29 03:25:33', 'Vestibulum rutrum rutrum neque.', 'id sapien in sapien', 'Meeting', 5);
insert into EVENT (ID, DATE, DESCRIPTION, NAME, TYPE, ORCHESTRA_ID) values (9, '2027-05-11 04:34:28', 'Aenean fermentum. Donec ut mauris eget massa tempor convallis.', 'consectetuer', 'Team Building', 2);
insert into EVENT (ID, DATE, DESCRIPTION, NAME, TYPE, ORCHESTRA_ID) values (10, '2027-06-10 18:33:22', 'Sed ante. Vivamus tortor.', 'a libero nam dui', 'Team Building', 5);
insert into EVENT (ID, DATE, DESCRIPTION, NAME, TYPE, ORCHESTRA_ID) values (11, '2025-11-05 20:45:45', 'Vivamus metus arcu, adipiscing molestie, hendrerit at, vulputate vitae, nisl.', 'mattis pulvinar nulla pede', 'Team Building', 5);
insert into EVENT (ID, DATE, DESCRIPTION, NAME, TYPE, ORCHESTRA_ID) values (12, '2027-01-15 10:53:55', 'Aliquam augue quam, sollicitudin vitae, consectetuer eget, rutrum at, lorem. Integer tincidunt ante vel ipsum.', 'vestibulum ac', 'Team Building', 1);
insert into EVENT (ID, DATE, DESCRIPTION, NAME, TYPE, ORCHESTRA_ID) values (13, '2022-09-10 11:41:48', 'Vestibulum ac est lacinia nisi venenatis tristique. Fusce congue, diam id ornare imperdiet, sapien urna pretium nisl, ut volutpat sapien arcu sed augue. Aliquam erat volutpat.', 'rhoncus', 'Team Building', 2);
insert into EVENT (ID, DATE, DESCRIPTION, NAME, TYPE, ORCHESTRA_ID) values (14, '2030-01-22 03:35:55', 'Lorem ipsum dolor sit amet, consectetuer adipiscing elit.', 'tristique tortor eu pede', 'Meeting', 2);
insert into EVENT (ID, DATE, DESCRIPTION, NAME, TYPE, ORCHESTRA_ID) values (15, '2027-05-18 05:59:38', 'Duis ac nibh. Fusce lacus purus, aliquet at, feugiat non, pretium quis, lectus.', 'sed sagittis nam congue', 'Rehearsal', 4);
insert into EVENT (ID, DATE, DESCRIPTION, NAME, TYPE, ORCHESTRA_ID) values (16, '2023-02-26 21:47:26', 'Nulla nisl.', 'sapien a', 'Meeting', 4);
insert into EVENT (ID, DATE, DESCRIPTION, NAME, TYPE, ORCHESTRA_ID) values (17, '2024-05-12 04:07:22', 'In quis justo. Maecenas rhoncus aliquam lacus. Morbi quis tortor id nulla ultrices aliquet.', 'curabitur', 'Team Building', 2);
insert into EVENT (ID, DATE, DESCRIPTION, NAME, TYPE, ORCHESTRA_ID) values (18, '2027-11-26 13:28:31', 'Curabitur in libero ut massa volutpat convallis. Morbi odio odio, elementum eu, interdum eu, tincidunt in, leo.', 'eget massa', 'Concert', 2);
insert into EVENT (ID, DATE, DESCRIPTION, NAME, TYPE, ORCHESTRA_ID) values (19, '2028-10-03 13:40:07', 'Integer ac leo. Pellentesque ultrices mattis odio. Donec vitae nisi.', 'nisi volutpat', 'Team Building', 5);
insert into EVENT (ID, DATE, DESCRIPTION, NAME, TYPE, ORCHESTRA_ID) values (20, '2025-06-08 14:24:06', 'Cras in purus eu magna vulputate luctus. Cum sociis natoque penatibus et magnis dis parturient montes, nascetur ridiculus mus.', 'est risus auctor', 'Meeting', 2);
insert into EVENT (ID, DATE, DESCRIPTION, NAME, TYPE, ORCHESTRA_ID) values (21, '2025-08-03 15:09:41', 'Vestibulum rutrum rutrum neque.', 'adipiscing', 'Rehearsal', 1);
insert into EVENT (ID, DATE, DESCRIPTION, NAME, TYPE, ORCHESTRA_ID) values (22, '2027-06-18 03:26:03', 'Mauris lacinia sapien quis libero. Nullam sit amet turpis elementum ligula vehicula consequat. Morbi a ipsum.', 'nunc', 'Rehearsal', 2);
insert into EVENT (ID, DATE, DESCRIPTION, NAME, TYPE, ORCHESTRA_ID) values (23, '2030-02-17 13:44:17', 'In sagittis dui vel nisl. Duis ac nibh. Fusce lacus purus, aliquet at, feugiat non, pretium quis, lectus.', 'lectus vestibulum quam', 'Concert', 3);
insert into EVENT (ID, DATE, DESCRIPTION, NAME, TYPE, ORCHESTRA_ID) values (24, '2030-05-02 20:06:46', 'Aliquam sit amet diam in magna bibendum imperdiet. Nullam orci pede, venenatis non, sodales sed, tincidunt eu, felis. Fusce posuere felis sed lacus.', 'quam pharetra magna', 'Meeting', 3);
insert into EVENT (ID, DATE, DESCRIPTION, NAME, TYPE, ORCHESTRA_ID) values (25, '2027-12-17 08:36:03', 'Phasellus in felis. Donec semper sapien a libero.', 'ut', 'Meeting', 1);

insert into COMMENT (ID, COMMENT_TEXT, COMMENTATOR_NAME, EVENT_ID) values (1, 'Cras non velit nec nisi vulputate nonummy.', 'Ezri Segot', 6);
insert into COMMENT (ID, COMMENT_TEXT, COMMENTATOR_NAME, EVENT_ID) values (2, 'Morbi porttitor lorem id ligula.', 'Joyce Yurasov', 24);
insert into COMMENT (ID, COMMENT_TEXT, COMMENTATOR_NAME, EVENT_ID) values (3, 'Donec semper sapien a libero.', 'Dari Cops', 4);
insert into COMMENT (ID, COMMENT_TEXT, COMMENTATOR_NAME, EVENT_ID) values (4, 'Maecenas leo odio, condimentum id, luctus nec, molestie sed, justo.', 'Melodee Yeardsley', 12);
insert into COMMENT (ID, COMMENT_TEXT, COMMENTATOR_NAME, EVENT_ID) values (5, 'Suspendisse potenti.', 'Kiley Peetermann', 5);
insert into COMMENT (ID, COMMENT_TEXT, COMMENTATOR_NAME, EVENT_ID) values (6, 'Nulla mollis molestie lorem.', 'Louisette Aubert', 7);
insert into COMMENT (ID, COMMENT_TEXT, COMMENTATOR_NAME, EVENT_ID) values (7, 'Nullam molestie nibh in lectus.', 'Penelope Bridgstock', 21);
insert into COMMENT (ID, COMMENT_TEXT, COMMENTATOR_NAME, EVENT_ID) values (8, 'Duis ac nibh.', 'Atlante Saker', 6);
insert into COMMENT (ID, COMMENT_TEXT, COMMENTATOR_NAME, EVENT_ID) values (9, 'Nullam sit amet turpis elementum ligula vehicula consequat.', 'Carrol Ruoff', 20);
insert into COMMENT (ID, COMMENT_TEXT, COMMENTATOR_NAME, EVENT_ID) values (10, 'Curabitur convallis.', 'Cyndie Godbolt', 23);
insert into COMMENT (ID, COMMENT_TEXT, COMMENTATOR_NAME, EVENT_ID) values (11, 'Morbi porttitor lorem id ligula.', 'Randi Stiffell', 6);
insert into COMMENT (ID, COMMENT_TEXT, COMMENTATOR_NAME, EVENT_ID) values (12, 'Quisque arcu libero, rutrum ac, lobortis vel, dapibus at, diam.', 'Maddi Jurasz', 15);
insert into COMMENT (ID, COMMENT_TEXT, COMMENTATOR_NAME, EVENT_ID) values (13, 'Nulla tellus.', 'Dari Creeghan', 11);
insert into COMMENT (ID, COMMENT_TEXT, COMMENTATOR_NAME, EVENT_ID) values (14, 'Nulla neque libero, convallis eget, eleifend luctus, ultricies eu, nibh.', 'Laney Drance', 23);
insert into COMMENT (ID, COMMENT_TEXT, COMMENTATOR_NAME, EVENT_ID) values (15, 'In est risus, auctor sed, tristique in, tempus sit amet, sem.', 'Dedra Natwick', 25);
insert into COMMENT (ID, COMMENT_TEXT, COMMENTATOR_NAME, EVENT_ID) values (16, 'Morbi porttitor lorem id ligula.', 'Aldus Celez', 2);
insert into COMMENT (ID, COMMENT_TEXT, COMMENTATOR_NAME, EVENT_ID) values (17, 'Duis bibendum.', 'Padraic Pevreal', 19);
insert into COMMENT (ID, COMMENT_TEXT, COMMENTATOR_NAME, EVENT_ID) values (18, 'Nulla tempus.', 'Xerxes Sumsion', 4);
insert into COMMENT (ID, COMMENT_TEXT, COMMENTATOR_NAME, EVENT_ID) values (19, 'Integer pede justo, lacinia eget, tincidunt eget, tempus vel, pede.', 'Caitlin Ioan', 21);
insert into COMMENT (ID, COMMENT_TEXT, COMMENTATOR_NAME, EVENT_ID) values (20, 'Praesent lectus.', 'Loraine Reis', 1);
insert into COMMENT (ID, COMMENT_TEXT, COMMENTATOR_NAME, EVENT_ID) values (21, 'Praesent lectus.', 'Sanford Goney', 18);
insert into COMMENT (ID, COMMENT_TEXT, COMMENTATOR_NAME, EVENT_ID) values (22, 'Integer ac leo.', 'Erasmus Pitkeathley', 2);
insert into COMMENT (ID, COMMENT_TEXT, COMMENTATOR_NAME, EVENT_ID) values (23, 'Vestibulum ac est lacinia nisi venenatis tristique.', 'Monro Neal', 19);
insert into COMMENT (ID, COMMENT_TEXT, COMMENTATOR_NAME, EVENT_ID) values (24, 'In quis justo.', 'Clarine Ducaen', 21);
insert into COMMENT (ID, COMMENT_TEXT, COMMENTATOR_NAME, EVENT_ID) values (25, 'Praesent blandit lacinia erat.', 'Irvine Craine', 3);
insert into COMMENT (ID, COMMENT_TEXT, COMMENTATOR_NAME, EVENT_ID) values (26, 'Fusce lacus purus, aliquet at, feugiat non, pretium quis, lectus.', 'Dory Stobo', 1);
insert into COMMENT (ID, COMMENT_TEXT, COMMENTATOR_NAME, EVENT_ID) values (27, 'Morbi a ipsum.', 'Angelo Magrannell', 11);
insert into COMMENT (ID, COMMENT_TEXT, COMMENTATOR_NAME, EVENT_ID) values (28, 'Curabitur in libero ut massa volutpat convallis.', 'Sheri Rorke', 20);
insert into COMMENT (ID, COMMENT_TEXT, COMMENTATOR_NAME, EVENT_ID) values (29, 'Quisque id justo sit amet sapien dignissim vestibulum.', 'Ulysses Pengelley', 23);
insert into COMMENT (ID, COMMENT_TEXT, COMMENTATOR_NAME, EVENT_ID) values (30, 'Morbi vestibulum, velit id pretium iaculis, diam erat fermentum justo, nec condimentum neque sapien placerat ante.', 'Gabriel Duckit', 8);
insert into COMMENT (ID, COMMENT_TEXT, COMMENTATOR_NAME, EVENT_ID) values (31, 'Nam tristique tortor eu pede.', 'Earle Gouck', 20);
insert into COMMENT (ID, COMMENT_TEXT, COMMENTATOR_NAME, EVENT_ID) values (32, 'Phasellus id sapien in sapien iaculis congue.', 'Guendolen Fairbrace', 23);
insert into COMMENT (ID, COMMENT_TEXT, COMMENTATOR_NAME, EVENT_ID) values (33, 'Sed accumsan felis.', 'Barclay Blanque', 20);
insert into COMMENT (ID, COMMENT_TEXT, COMMENTATOR_NAME, EVENT_ID) values (34, 'Aenean auctor gravida sem.', 'Gregoor MacNucator', 22);
insert into COMMENT (ID, COMMENT_TEXT, COMMENTATOR_NAME, EVENT_ID) values (35, 'Phasellus in felis.', 'Rubin Hiskey', 5);
insert into COMMENT (ID, COMMENT_TEXT, COMMENTATOR_NAME, EVENT_ID) values (36, 'Proin at turpis a pede posuere nonummy.', 'Thatch Sorton', 22);
insert into COMMENT (ID, COMMENT_TEXT, COMMENTATOR_NAME, EVENT_ID) values (37, 'Donec semper sapien a libero.', 'Vyky Brash', 23);
insert into COMMENT (ID, COMMENT_TEXT, COMMENTATOR_NAME, EVENT_ID) values (38, 'Vivamus in felis eu sapien cursus vestibulum.', 'Giovanna Dominik', 13);
insert into COMMENT (ID, COMMENT_TEXT, COMMENTATOR_NAME, EVENT_ID) values (39, 'Nulla neque libero, convallis eget, eleifend luctus, ultricies eu, nibh.', 'Nissy Ladloe', 18);
insert into COMMENT (ID, COMMENT_TEXT, COMMENTATOR_NAME, EVENT_ID) values (40, 'Fusce lacus purus, aliquet at, feugiat non, pretium quis, lectus.', 'Corney Sattin', 20);
insert into COMMENT (ID, COMMENT_TEXT, COMMENTATOR_NAME, EVENT_ID) values (41, 'Quisque id justo sit amet sapien dignissim vestibulum.', 'Nanon Gilgryst', 14);
insert into COMMENT (ID, COMMENT_TEXT, COMMENTATOR_NAME, EVENT_ID) values (42, 'Nulla facilisi.', 'Rodolph Scogings', 15);
insert into COMMENT (ID, COMMENT_TEXT, COMMENTATOR_NAME, EVENT_ID) values (43, 'Quisque ut erat.', 'Brandy Oneill', 11);
insert into COMMENT (ID, COMMENT_TEXT, COMMENTATOR_NAME, EVENT_ID) values (44, 'Integer ac leo.', 'Jobey Talboy', 11);
insert into COMMENT (ID, COMMENT_TEXT, COMMENTATOR_NAME, EVENT_ID) values (45, 'Morbi quis tortor id nulla ultrices aliquet.', 'Pearline Traher', 23);
insert into COMMENT (ID, COMMENT_TEXT, COMMENTATOR_NAME, EVENT_ID) values (46, 'Nulla neque libero, convallis eget, eleifend luctus, ultricies eu, nibh.', 'Igor Gravells', 22);
insert into COMMENT (ID, COMMENT_TEXT, COMMENTATOR_NAME, EVENT_ID) values (47, 'Donec vitae nisi.', 'Karlotta Bottell', 6);
insert into COMMENT (ID, COMMENT_TEXT, COMMENTATOR_NAME, EVENT_ID) values (48, 'Nulla tellus.', 'Mariska Bulbrook', 18);
insert into COMMENT (ID, COMMENT_TEXT, COMMENTATOR_NAME, EVENT_ID) values (49, 'Phasellus sit amet erat.', 'Addison Krout', 8);
insert into COMMENT (ID, COMMENT_TEXT, COMMENTATOR_NAME, EVENT_ID) values (50, 'Duis bibendum.', 'Florina Catherine', 24);
insert into COMMENT (ID, COMMENT_TEXT, COMMENTATOR_NAME, EVENT_ID) values (51, 'In hac habitasse platea dictumst.', 'Aldin Roughley', 4);
insert into COMMENT (ID, COMMENT_TEXT, COMMENTATOR_NAME, EVENT_ID) values (52, 'Proin leo odio, porttitor id, consequat in, consequat ut, nulla.', 'Reeba Arsmith', 13);
insert into COMMENT (ID, COMMENT_TEXT, COMMENTATOR_NAME, EVENT_ID) values (53, 'Cras mi pede, malesuada in, imperdiet et, commodo vulputate, justo.', 'Blakeley Farnell', 11);
insert into COMMENT (ID, COMMENT_TEXT, COMMENTATOR_NAME, EVENT_ID) values (54, 'Etiam pretium iaculis justo.', 'Delores Kelcher', 7);
insert into COMMENT (ID, COMMENT_TEXT, COMMENTATOR_NAME, EVENT_ID) values (55, 'Fusce consequat.', 'Fergus Habbert', 24);
insert into COMMENT (ID, COMMENT_TEXT, COMMENTATOR_NAME, EVENT_ID) values (56, 'Pellentesque ultrices mattis odio.', 'Elnore Blakeway', 2);
insert into COMMENT (ID, COMMENT_TEXT, COMMENTATOR_NAME, EVENT_ID) values (57, 'Morbi non lectus.', 'Fidelia Spriggs', 4);
insert into COMMENT (ID, COMMENT_TEXT, COMMENTATOR_NAME, EVENT_ID) values (58, 'Morbi odio odio, elementum eu, interdum eu, tincidunt in, leo.', 'Lacee Grix', 20);
insert into COMMENT (ID, COMMENT_TEXT, COMMENTATOR_NAME, EVENT_ID) values (59, 'In sagittis dui vel nisl.', 'Mame Wittke', 11);
insert into COMMENT (ID, COMMENT_TEXT, COMMENTATOR_NAME, EVENT_ID) values (60, 'Morbi odio odio, elementum eu, interdum eu, tincidunt in, leo.', 'Shaylah Eddisforth', 23);